{
	"info": {
		"_postman_id": "d52f1a77-359f-4502-9ce4-c5fe9ec9a01e",
		"name": "MnM Local",
		"schema": "https://schema.getpostman.com/json/collection/v2.1.0/collection.json"
	},
	"item": [
		{
			"name": "ImportFile",
			"request": {
				"method": "POST",
				"header": [],
				"body": {
					"mode": "formdata",
					"formdata": [
						{
							"key": "ideas",
							"type": "file",
							"src": "/C:/Users/celebal/Downloads/savings_visibility_as-is tracking example.xlsx"
						}
					]
				},
				"url": {
					"raw": "{{HOST}}/api/ImportFile",
					"host": [
						"{{HOST}}"
					],
					"path": [
						"api",
						"ImportFile"
					]
				}
			},
			"response": []
		},
		{
			"name": "Server Status",
			"request": {
				"method": "GET",
				"header": [],
				"url": {
					"raw": "{{HOST}}/api/serverstatus",
					"host": [
						"{{HOST}}"
					],
					"path": [
						"api",
						"serverstatus"
					]
				}
			},
			"response": []
		},
		{
			"name": "Get idea by Id",
			"request": {
				"method": "GET",
				"header": [],
				"url": {
					"raw": "{{HOST}}/api/savingidea/30",
					"host": [
						"{{HOST}}"
					],
					"path": [
						"api",
						"savingidea",
						"30"
					]
				}
			},
			"response": []
		},
		{
			"name": "Idea by Id",
			"request": {
				"method": "DELETE",
				"header": [],
				"url": {
					"raw": "{{HOST}}/api/savingidea/30",
					"host": [
						"{{HOST}}"
					],
					"path": [
						"api",
						"savingidea",
						"30"
					]
				}
			},
			"response": []
		},
		{
			"name": "Get All ideas",
			"request": {
				"method": "GET",
				"header": [],
				"url": {
					"raw": "{{HOST}}/api/savingidea",
					"host": [
						"{{HOST}}"
					],
					"path": [
						"api",
						"savingidea"
					]
				}
			},
			"response": []
		},
		{
			"name": "Add Idea",
			"request": {
				"method": "POST",
				"header": [],
				"body": {
					"mode": "raw",
					"raw": "{\r\n    \"IdeaId\": 1,\r\n    \"Year\": \"FY21\",\r\n    \"Sector\": \"FD\",\r\n    \"L1Commodity\": \"BIW, MECHANISMS & CHASSIS\",\r\n    \"SupplierCode\": \"DA085C\",\r\n    \"SupplierName\": \"AUTOLIV INDIA PVT LTD\",\r\n    \"Responsibility\": \"Himmat Patil\",\r\n    \"L5Commodity\": \"STEERINGWHEELSWITHAIRBAG\",\r\n    \"Part\": \"1106AAA01461A\",\r\n    \"PartDescription\": \"STEERING WHEEL ASSY BLACK\",\r\n    \"NegoSavingLever\": \"Nego\",\r\n    \"DerivedthruSpendAnalyticsYN\": \"Yes\",\r\n    \"ApplicableModel\": \"FD\",\r\n    \"SavingVehor\": 30.0,\r\n    \"ApplicableSupplierVolume\": 10000.0,\r\n    \"F20CashflowSavingRsCrs\": 0.35000000000000003,\r\n    \"ConfidenceLevel\": \"T4\",\r\n    \"SaPCN\": \"SAP\",\r\n    \"EffectivityDate\": \"2020-04-01T00:00:00\",\r\n    \"Remarks\": null,\r\n    \"ImplementationStatus\": null,\r\n    \"Created\": \"2020-08-06T17:19:17.7783343\",\r\n    \"LastUpdated\": null\r\n}",
					"options": {
						"raw": {
							"language": "json"
						}
					}
				},
				"url": {
					"raw": "{{HOST}}/api/savingidea",
					"host": [
						"{{HOST}}"
					],
					"path": [
						"api",
						"savingidea"
					]
				}
			},
			"response": []
		},
		{
			"name": "Update Idea",
			"request": {
				"method": "PATCH",
				"header": [],
				"body": {
					"mode": "raw",
					"raw": "{\r\n    \"IdeaId\": 3,\r\n    \"Year\": \"FY22\",\r\n    \"Sector\": \"FD\",\r\n    \"L1Commodity\": \"BIW, MECHANISMS & CHASSIS\"\r\n   \r\n}",
					"options": {
						"raw": {
							"language": "json"
						}
					}
				},
				"url": {
					"raw": "{{HOST}}/api/savingidea",
					"host": [
						"{{HOST}}"
					],
					"path": [
						"api",
						"savingidea"
					]
				}
			},
			"response": []
		}
	],
	"event": [
		{
			"listen": "prerequest",
			"script": {
				"id": "951a4aa8-cc7b-432b-a986-30eea68b1341",
				"type": "text/javascript",
				"exec": [
					""
				]
			}
		},
		{
			"listen": "test",
			"script": {
				"id": "e4132949-714f-43aa-b0af-6c33550bda02",
				"type": "text/javascript",
				"exec": [
					""
				]
			}
		}
	],
	"variable": [
		{
			"id": "d28738d2-f34c-43be-bf7c-c2d716ea36e5",
			"key": "HOST",
			"value": "https://savingideasazurefunction.azurewebsites.net"
		}
	],
	"protocolProfileBehavior": {}
}